image_path,label,class_name,confidence
1.jpg,0,No Endodontic Treatment,0.31
10.jpg,3,Total Endodontic Failure,0.329
100.jpg,0,No Endodontic Treatment,0.3361
101.jpg,3,Total Endodontic Failure,0.2898
102.jpg,0,No Endodontic Treatment,0.3287
103.jpg,3,Total Endodontic Failure,0.2928
104.jpg,0,No Endodontic Treatment,0.3162
105.jpg,0,No Endodontic Treatment,0.2922
106.jpg,0,No Endodontic Treatment,0.3388
107.jpg,3,Total Endodontic Failure,0.3202
108.jpg,3,Total Endodontic Failure,0.2592
109.jpg,0,No Endodontic Treatment,0.2885
11.jpg,3,Total Endodontic Failure,0.3218
110.jpg,0,No Endodontic Treatment,0.3326
111.jpg,0,No Endodontic Treatment,0.3054
112.jpg,0,No Endodontic Treatment,0.3132
113.jpg,0,No Endodontic Treatment,0.3028
114.jpg,0,No Endodontic Treatment,0.2897
115.jpg,3,Total Endodontic Failure,0.2699
116.jpg,0,No Endodontic Treatment,0.3285
117.jpg,3,Total Endodontic Failure,0.2322
118.jpg,0,No Endodontic Treatment,0.2943
119.jpg,3,Total Endodontic Failure,0.318
12.jpg,3,Total Endodontic Failure,0.3302
120.jpg,3,Total Endodontic Failure,0.2831
121.jpg,3,Total Endodontic Failure,0.2822
122.jpg,3,Total Endodontic Failure,0.2974
123.jpg,0,No Endodontic Treatment,0.2907
124.jpg,3,Total Endodontic Failure,0.3137
125.jpg,3,Total Endodontic Failure,0.2888
127.jpg,3,Total Endodontic Failure,0.3151
128.jpg,0,No Endodontic Treatment,0.3263
129.jpg,3,Total Endodontic Failure,0.2861
13.jpg,0,No Endodontic Treatment,0.3322
130.jpg,3,Total Endodontic Failure,0.246
131.jpg,3,Total Endodontic Failure,0.3368
132.jpg,3,Total Endodontic Failure,0.2827
133.jpg,3,Total Endodontic Failure,0.2865
134.jpg,3,Total Endodontic Failure,0.3254
135.jpg,3,Total Endodontic Failure,0.3172
136.jpg,0,No Endodontic Treatment,0.3267
137.jpg,3,Total Endodontic Failure,0.265
138.jpg,0,No Endodontic Treatment,0.3022
139.jpg,3,Total Endodontic Failure,0.3135
14.jpg,3,Total Endodontic Failure,0.3249
141.jpg,0,No Endodontic Treatment,0.3274
142.jpg,0,No Endodontic Treatment,0.3098
143.jpg,3,Total Endodontic Failure,0.2876
144.jpg,3,Total Endodontic Failure,0.313
145.jpg,0,No Endodontic Treatment,0.2869
146.jpg,3,Total Endodontic Failure,0.3287
147.jpg,3,Total Endodontic Failure,0.3083
148.jpg,0,No Endodontic Treatment,0.3161
149.jpg,0,No Endodontic Treatment,0.3069
15.jpg,0,No Endodontic Treatment,0.3314
150.jpg,0,No Endodontic Treatment,0.2871
151.jpg,0,No Endodontic Treatment,0.3231
152.jpg,3,Total Endodontic Failure,0.2479
153.jpg,0,No Endodontic Treatment,0.3037
154.jpg,0,No Endodontic Treatment,0.3128
155.jpg,0,No Endodontic Treatment,0.2756
156.jpg,3,Total Endodontic Failure,0.241
157.jpg,0,No Endodontic Treatment,0.3035
158.jpg,0,No Endodontic Treatment,0.3269
159.jpg,3,Total Endodontic Failure,0.2614
160.jpg,0,No Endodontic Treatment,0.3127
161.jpg,3,Total Endodontic Failure,0.2878
162.jpg,0,No Endodontic Treatment,0.3065
163.jpg,0,No Endodontic Treatment,0.3277
164.jpg,0,No Endodontic Treatment,0.329
165.jpg,0,No Endodontic Treatment,0.2987
166.jpg,3,Total Endodontic Failure,0.309
167.jpg,3,Total Endodontic Failure,0.2902
168.jpg,0,No Endodontic Treatment,0.3009
169.jpg,0,No Endodontic Treatment,0.3154
170.jpg,0,No Endodontic Treatment,0.2911
171.jpg,0,No Endodontic Treatment,0.2914
172.jpg,0,No Endodontic Treatment,0.3048
173.jpg,0,No Endodontic Treatment,0.3257
176.jpg,0,No Endodontic Treatment,0.3058
178.jpg,3,Total Endodontic Failure,0.2666
179.jpg,3,Total Endodontic Failure,0.2659
18.jpg,0,No Endodontic Treatment,0.3254
180.jpg,0,No Endodontic Treatment,0.3289
182.jpg,0,No Endodontic Treatment,0.3339
183.jpg,0,No Endodontic Treatment,0.3349
184.jpg,3,Total Endodontic Failure,0.286
185.jpg,3,Total Endodontic Failure,0.325
187.jpg,0,No Endodontic Treatment,0.3437
188.jpg,0,No Endodontic Treatment,0.3367
189.jpg,0,No Endodontic Treatment,0.3406
19.jpg,0,No Endodontic Treatment,0.3325
191.jpg,0,No Endodontic Treatment,0.3441
193.jpg,0,No Endodontic Treatment,0.3176
194.jpg,3,Total Endodontic Failure,0.3216
196.jpg,0,No Endodontic Treatment,0.3313
199.jpg,0,No Endodontic Treatment,0.3496
2.jpg,0,No Endodontic Treatment,0.332
20.jpg,0,No Endodontic Treatment,0.341
201.jpg,0,No Endodontic Treatment,0.2904
202.jpg,0,No Endodontic Treatment,0.2658
203.jpg,0,No Endodontic Treatment,0.3315
204.jpg,0,No Endodontic Treatment,0.3326
205.jpg,0,No Endodontic Treatment,0.3356
207.jpg,0,No Endodontic Treatment,0.3125
208.jpg,0,No Endodontic Treatment,0.323
209.jpg,3,Total Endodontic Failure,0.3223
21.jpg,0,No Endodontic Treatment,0.3333
210.jpg,3,Total Endodontic Failure,0.3253
211.jpg,0,No Endodontic Treatment,0.3192
212.jpg,3,Total Endodontic Failure,0.3173
213.jpg,0,No Endodontic Treatment,0.3168
214.jpg,0,No Endodontic Treatment,0.3458
215.jpg,0,No Endodontic Treatment,0.3286
217.jpg,3,Total Endodontic Failure,0.2705
218.jpg,3,Total Endodontic Failure,0.3292
219.jpg,0,No Endodontic Treatment,0.3305
22.jpg,0,No Endodontic Treatment,0.3245
220.jpg,0,No Endodontic Treatment,0.3293
221.jpg,0,No Endodontic Treatment,0.3381
222.jpg,3,Total Endodontic Failure,0.3352
223.jpg,0,No Endodontic Treatment,0.3148
225.jpg,3,Total Endodontic Failure,0.3067
226.jpg,0,No Endodontic Treatment,0.3375
227.jpg,0,No Endodontic Treatment,0.3234
228.jpg,0,No Endodontic Treatment,0.3215
229.jpg,0,No Endodontic Treatment,0.2842
23.jpg,3,Total Endodontic Failure,0.3243
230.jpg,0,No Endodontic Treatment,0.285
231.jpg,0,No Endodontic Treatment,0.3091
232.jpg,0,No Endodontic Treatment,0.3125
233.jpg,0,No Endodontic Treatment,0.3133
234.jpg,0,No Endodontic Treatment,0.2972
235.jpg,0,No Endodontic Treatment,0.2923
236.jpg,0,No Endodontic Treatment,0.3092
237.jpg,0,No Endodontic Treatment,0.3111
238.jpg,0,No Endodontic Treatment,0.2402
239.jpg,0,No Endodontic Treatment,0.3118
24.jpg,3,Total Endodontic Failure,0.2907
240.jpg,0,No Endodontic Treatment,0.3097
241.jpg,0,No Endodontic Treatment,0.2709
242.jpg,0,No Endodontic Treatment,0.3462
243.jpg,0,No Endodontic Treatment,0.2922
244.jpg,0,No Endodontic Treatment,0.2977
245.jpg,0,No Endodontic Treatment,0.3157
246.jpg,0,No Endodontic Treatment,0.3333
247.jpg,0,No Endodontic Treatment,0.3269
248.jpg,0,No Endodontic Treatment,0.2651
25.jpg,0,No Endodontic Treatment,0.3435
250.jpg,0,No Endodontic Treatment,0.3336
251.jpg,0,No Endodontic Treatment,0.3181
252.jpg,0,No Endodontic Treatment,0.2739
253.jpg,0,No Endodontic Treatment,0.3018
254.jpg,0,No Endodontic Treatment,0.3184
256.jpg,0,No Endodontic Treatment,0.2301
257.jpg,0,No Endodontic Treatment,0.2968
258.jpg,0,No Endodontic Treatment,0.285
259.jpg,0,No Endodontic Treatment,0.3253
26.jpg,0,No Endodontic Treatment,0.3254
260.jpg,0,No Endodontic Treatment,0.2704
27.jpg,0,No Endodontic Treatment,0.3419
28.jpg,0,No Endodontic Treatment,0.3269
29.jpg,0,No Endodontic Treatment,0.3336
3.jpg,3,Total Endodontic Failure,0.3064
30.jpg,0,No Endodontic Treatment,0.3377
31.jpg,0,No Endodontic Treatment,0.3481
32.jpg,0,No Endodontic Treatment,0.3403
33.jpg,0,No Endodontic Treatment,0.2901
34.jpg,3,Total Endodontic Failure,0.3263
35.jpg,3,Total Endodontic Failure,0.3169
36.jpg,0,No Endodontic Treatment,0.3268
37.jpg,3,Total Endodontic Failure,0.3055
38.jpg,0,No Endodontic Treatment,0.3379
39.jpg,0,No Endodontic Treatment,0.3324
40.jpg,0,No Endodontic Treatment,0.3358
41.jpg,0,No Endodontic Treatment,0.3415
42.jpg,0,No Endodontic Treatment,0.313
43.jpg,3,Total Endodontic Failure,0.2728
44.jpg,0,No Endodontic Treatment,0.3405
45.jpg,0,No Endodontic Treatment,0.3219
46.jpg,0,No Endodontic Treatment,0.3403
48.jpg,0,No Endodontic Treatment,0.3273
49.jpg,0,No Endodontic Treatment,0.3397
5.jpg,3,Total Endodontic Failure,0.3258
50.jpg,0,No Endodontic Treatment,0.3209
51.jpg,0,No Endodontic Treatment,0.3279
52.jpg,0,No Endodontic Treatment,0.2858
53.jpg,0,No Endodontic Treatment,0.3351
54.jpg,0,No Endodontic Treatment,0.3295
55.jpg,0,No Endodontic Treatment,0.3331
56.jpg,0,No Endodontic Treatment,0.3225
57.jpg,0,No Endodontic Treatment,0.2724
58.jpg,3,Total Endodontic Failure,0.3303
59.jpg,3,Total Endodontic Failure,0.312
6.jpg,0,No Endodontic Treatment,0.3247
60.jpg,3,Total Endodontic Failure,0.2681
61.jpg,0,No Endodontic Treatment,0.2861
62.jpg,3,Total Endodontic Failure,0.2759
64.jpg,0,No Endodontic Treatment,0.3345
65.jpg,0,No Endodontic Treatment,0.3341
66.jpg,3,Total Endodontic Failure,0.3115
67.jpg,3,Total Endodontic Failure,0.2469
68.jpg,0,No Endodontic Treatment,0.2826
70.jpg,0,No Endodontic Treatment,0.3169
71.jpg,3,Total Endodontic Failure,0.2347
72.jpg,3,Total Endodontic Failure,0.3318
73.jpg,3,Total Endodontic Failure,0.2852
75.jpg,0,No Endodontic Treatment,0.275
76.jpg,3,Total Endodontic Failure,0.3385
77.jpg,3,Total Endodontic Failure,0.2875
79.jpg,3,Total Endodontic Failure,0.3169
8.jpg,0,No Endodontic Treatment,0.3391
80.jpg,3,Total Endodontic Failure,0.2674
81.jpg,0,No Endodontic Treatment,0.2926
82.jpg,0,No Endodontic Treatment,0.3402
83.jpg,3,Total Endodontic Failure,0.3103
84.jpg,0,No Endodontic Treatment,0.3155
85.jpg,0,No Endodontic Treatment,0.29
86.jpg,0,No Endodontic Treatment,0.339
87.jpg,0,No Endodontic Treatment,0.3257
88.jpg,3,Total Endodontic Failure,0.301
9.jpg,3,Total Endodontic Failure,0.3137
90.jpg,3,Total Endodontic Failure,0.2327
91.jpg,3,Total Endodontic Failure,0.313
92.jpg,3,Total Endodontic Failure,0.2792
93.jpg,0,No Endodontic Treatment,0.3184
94.jpg,3,Total Endodontic Failure,0.2943
95.jpg,0,No Endodontic Treatment,0.2627
96.jpg,0,No Endodontic Treatment,0.3062
97.jpg,3,Total Endodontic Failure,0.2713
98.jpg,0,No Endodontic Treatment,0.324
